url_path,views_total,views_unique
/GeekVisit/uproot,32,23
/GeekVisit/uproot/releases/tag/v2021-10-001-beta,7,6
/GeekVisit/uproot/tree/master/test,3,2
/GeekVisit/uproot/tree/master/bin,2,2
/GeekVisit/uproot/commit/1253129846c9d7a80281d2c4d8a43302437d23a0,2,1
/GeekVisit/uproot/tree/master/test/test-data,2,1
/GeekVisit/uproot/blob/master/bin/uprt.dart,1,1
/GeekVisit/uproot/blob/master/lib/src/ip.dart,1,1
/GeekVisit/uproot/blob/master/test/cli_test.dart,1,1
/GeekVisit/uproot/blob/master/test/test-data/lease-list-infile.csv,1,1
